__resourceType,__resourceId,__time,__iso8601Time,C,L,Wt,Wv,Ww,a,air_pressure_hpa,h,hi,humi,light,sound,t,temp_c,ti
"Subscriber","440103227943283","2023-02-03 23:27:37","2023-02-03T23:27:37.352+09:00","951","488","23.2","0","0","1014.9","","26.7","28","","","","23.7","","22.8"
"Subscriber","440103227943283","2023-02-03 23:12:32","2023-02-03T23:12:32.863+09:00","978","0","23.5","0","0","1015","","26.5","28","","","","24","","23.1"
"Subscriber","440103227943283","2023-02-03 22:57:28","2023-02-03T22:57:28.228+09:00","985","0","23.2","0","0","1015.2","","26.1","27","","","","24.5","","23.6"
"Subscriber","440103227943283","2023-02-03 22:42:23","2023-02-03T22:42:23.667+09:00","1017","0","24.2","0","0.5","1015.3","","25.7","27","","","","25","","24.2"
"Subscriber","440103227943283","2023-02-03 22:27:19","2023-02-03T22:27:19.170+09:00","1053","0","25.4","0","0","1015.4","","24.8","26","","","","25.8","","25.1"
"Subscriber","440103227943283","2023-02-03 22:12:14","2023-02-03T22:12:14.382+09:00","1027","0","26.7","0","0","1015.3","","23.7","25","","","","26.9","","26.3"
"Subscriber","440103227943283","2023-02-03 21:57:09","2023-02-03T21:57:09.822+09:00","1033","0","27.6","0","0","1015.3","","22.4","23","","","","28.4","","27.9"
"Subscriber","440103227943283","2023-02-03 21:42:05","2023-02-03T21:42:05.281+09:00","1048","0","27.9","0","0.5","1015.3","","22.5","24","","","","28.5","","27.9"
"Subscriber","440103227943283","2023-02-03 21:27:00","2023-02-03T21:27:00.706+09:00","1056","488","27.9","0","0.5","1015.3","","22.5","24","","","","28.5","","28"
"Subscriber","440103227943283","2023-02-03 21:11:56","2023-02-03T21:11:56.142+09:00","1076","0","27.9","0","0.5","1015.5","","22.5","24","","","","28.5","","28"
"Subscriber","440103227943283","2023-02-03 20:56:51","2023-02-03T20:56:51.264+09:00","1102","0","27.9","0","0","1015.6","","22.5","23","","","","28.6","","28"
"Subscriber","440103227943283","2023-02-03 20:41:46","2023-02-03T20:41:46.709+09:00","1134","488","28.4","0","0.5","1015.6","","22.7","24","","","","28.8","","28.2"
"Subscriber","440103227943283","2023-02-03 20:26:42","2023-02-03T20:26:42.151+09:00","1115","0","28.1","0","0.5","1015.3","","22.7","24","","","","28.8","","28.3"
"Subscriber","440103227943283","2023-02-03 20:11:37","2023-02-03T20:11:37.582+09:00","987","0","27.6","0","0","1015.3","","22.3","23","","","","28.6","","28.1"
"Subscriber","440103227943283","2023-02-03 19:56:33","2023-02-03T19:56:33.037+09:00","879","0","28.1","0","0","1015","","21.9","23","","","","28.3","","27.8"
"Subscriber","440103227943283","2023-02-03 19:41:28","2023-02-03T19:41:28.468+09:00","758","0","26.9","0","0","1014.9","","21.5","22","","","","28","","27.5"
"Subscriber","440103227943283","2023-02-03 19:26:23","2023-02-03T19:26:23.747+09:00","670","0","26.2","0","1","1014.9","","21.2","22","","","","27.4","","27"
"Subscriber","440103227943283","2023-02-03 19:11:19","2023-02-03T19:11:19.101+09:00","561","0","27.1","0","0","1014.8","","20","21","","","","27.5","","27.1"
"Subscriber","440103227943283","2023-02-03 18:56:14","2023-02-03T18:56:14.551+09:00","567","0","27.1","0","0","1014.8","","20","21","","","","27.4","","27"
"Subscriber","440103227943283","2023-02-03 18:41:09","2023-02-03T18:41:09.991+09:00","555","0","26.2","0","0.5","1014.6","","20.4","21","","","","26.8","","26.4"
"Subscriber","440103227943283","2023-02-03 18:26:05","2023-02-03T18:26:05.348+09:00","554","0","24.5","0","0.5","1014.5","","20.9","21","","","","25.9","","25.6"
"Subscriber","440103227943283","2023-02-03 18:11:00","2023-02-03T18:11:00.769+09:00","552","0","24","0","0","1014.3","","22.4","23","","","","24","","23.6"
"Subscriber","440103227943283","2023-02-03 18:10:17","2023-02-03T18:10:17.665+09:00","540","0","24","0","0.5","1014.3","","22.2","23","","","","23.9","","23.5"
"Subscriber","440103227943283","2023-02-03 17:55:13","2023-02-03T17:55:13.033+09:00","566","0","24.9","0","0","1014.4","","21","22","","","","25.1","","24.8"
"Subscriber","440103227943283","2023-02-03 17:40:08","2023-02-03T17:40:08.377+09:00","600","0","25.9","0","0","1014.3","","20.3","21","","","","25.8","","25.4"
"Subscriber","440103227943283","2023-02-03 17:25:03","2023-02-03T17:25:03.654+09:00","631","0","26.2","0","0","1014.1","","20.3","21","","","","26.5","","26.1"
"Subscriber","440103227943283","2023-02-03 17:09:59","2023-02-03T17:09:59.108+09:00","630","0","26.7","0","1","1014.1","","19.3","20","","","","27.4","","26.9"
"Subscriber","440103227943283","2023-02-03 16:54:54","2023-02-03T16:54:54.487+09:00","716","488","27.4","0","0","1014.2","","19.8","21","","","","27.8","","27.4"
"Subscriber","440103227943283","2023-02-03 16:39:49","2023-02-03T16:39:49.829+09:00","753","0","27.1","0","0.5","1014.3","","19.7","21","","","","28","","27.5"
"Subscriber","440103227943283","2023-02-03 16:24:45","2023-02-03T16:24:45.267+09:00","698","0","28.1","0","0","1014.2","","19.4","20","","","","28.1","","27.5"
"Subscriber","440103227943283","2023-02-03 16:09:37","2023-02-03T16:09:37.114+09:00","814","0","28.4","0","0","1014.1","","20.2","21","","","","28.6","","27.9"
"Subscriber","440103227943283","2023-02-03 16:08:44","2023-02-03T16:08:44.224+09:00","815","0","28.4","0","0.5","1014","","20.3","21","","","","28.6","","28"
"Subscriber","440103227943283","2023-02-03 15:53:39","2023-02-03T15:53:39.505+09:00","919","0","28.9","0","0.5","1014","","18.9","20","","","","29.9","","29.1"
"Subscriber","440103227943283","2023-02-03 15:38:34","2023-02-03T15:38:34.963+09:00","1043","0","28.4","0","1","1013.9","","20.2","21","","","","29.8","","29.1"
"Subscriber","440103227943283","2023-02-03 15:23:30","2023-02-03T15:23:30.388+09:00","941","0","28.6","0","0","1014","","20","21","","","","29.5","","28.8"
"Subscriber","440103227943283","2023-02-03 15:22:46","2023-02-03T15:22:46.747+09:00","921","0","27.4","0","0","1014","","20","21","","","","29.4","","28.7"
"Subscriber","440103227943283","2023-02-03 15:07:41","2023-02-03T15:07:41.994+09:00","840","0","27.9","0","1.5","1014.1","","20","21","","","","28.7","","28"
"Subscriber","440103227943283","2023-02-03 14:52:37","2023-02-03T14:52:37.268+09:00","671","488","26.4","0","0","1014.3","","19.5","20","","","","27.7","","27.1"
"Subscriber","440103227943283","2023-02-03 14:37:32","2023-02-03T14:37:32.714+09:00","680","0","26.7","0","0.5","1014.2","","19.4","21","","","","28","","27.3"
"Subscriber","440103227943283","2023-02-03 14:22:28","2023-02-03T14:22:28.067+09:00","673","0","26.2","0","0.5","1014.3","","18.7","20","","","","28.8","","27.6"
"Subscriber","440103227943283","2023-02-03 14:07:23","2023-02-03T14:07:23.508+09:00","645","0","25.4","0","0.5","1014.3","","13.7","20","","","","34.4","","27.5"
"Subscriber","440103227943283","2023-02-03 13:52:18","2023-02-03T13:52:18.867+09:00","593","0","23.2","0","0","1014.3","","18.7","22","","","","29.7","","25.2"
"Subscriber","440103227943283","2023-02-02 20:35:52","2023-02-02T20:35:52.997+09:00","870","0","26.7","0","1","1018","","24.5","23","","","","25.9","","27.4"
"Subscriber","440103227943283","2023-02-02 20:20:48","2023-02-02T20:20:48.260+09:00","978","0","26.9","0","0","1018","","24.9","23","","","","26","","27.6"
"Subscriber","440103227943283","2023-02-02 20:05:43","2023-02-02T20:05:43.627+09:00","967","0","26.7","0","0.5","1017.9","","24.5","23","","","","26.5","","27.8"
"Subscriber","440103227943283","2023-02-02 19:50:38","2023-02-02T19:50:38.989+09:00","910","0","27.4","0","0","1017.8","","23.5","23","","","","26.7","","27.7"
"Subscriber","440103227943283","2023-02-02 19:35:34","2023-02-02T19:35:34.432+09:00","887","0","26.7","0","0.5","1017.6","","23.9","23","","","","26.2","","27.4"
"Subscriber","440103227943283","2023-02-02 19:20:29","2023-02-02T19:20:29.878+09:00","799","0","26.7","0","0","1017.6","","21.6","22","","","","27.2","","27"
"Subscriber","440103227943283","2023-02-02 19:19:46","2023-02-02T19:19:46.315+09:00","833","0","26.2","0","0","1017.7","","20.7","22","","","","28","","27"
"Subscriber","440103227943283","2023-02-02 19:04:41","2023-02-02T19:04:41.688+09:00","740","0","25.7","0","0.5","1017.5","","23.5","22","","","","25.3","","26.6"
"Subscriber","440103227943283","2023-02-02 18:49:37","2023-02-02T18:49:37.047+09:00","777","0","25.7","0","0.5","1017.5","","23.2","22","","","","25.7","","26.6"
"Subscriber","440103227943283","2023-02-02 18:34:32","2023-02-02T18:34:32.412+09:00","871","0","27.4","0","0","1017.7","","24.1","23","","","","25.4","","26.8"
"Subscriber","440103227943283","2023-02-02 18:19:27","2023-02-02T18:19:27.768+09:00","935","0","26.9","0","0","1017.8","","25","24","","","","25.8","","27.1"
"Subscriber","440103227943283","2023-02-02 18:04:23","2023-02-02T18:04:23.223+09:00","996","488","26.7","0","0","1017.5","","26.6","25","","","","25.6","","26.9"
"Subscriber","440103227943283","2023-02-02 17:49:18","2023-02-02T17:49:18.362+09:00","860","0","26.9","0","0","1017.2","","26","25","","","","25.1","","26.2"
"Subscriber","440103227943283","2023-02-02 17:26:29","2023-02-02T17:26:29.005+09:00","908","0","26.2","0","0","1016.8","","26.5","25","","","","24.9","","26.5"
"Subscriber","440103227943283","2023-02-02 17:11:23","2023-02-02T17:11:23.509+09:00","1121","0","26.7","0","0.5","1016.7","","26.6","25","","","","25.6","","27.5"
"Subscriber","440103227943283","2023-02-02 16:56:18","2023-02-02T16:56:18.071+09:00","1408","0","27.1","0","0","1016.8","","28.2","27","","","","26.6","","27.9"
"Subscriber","440103227943283","2023-02-02 16:41:12","2023-02-02T16:41:12.476+09:00","1405","488","27.9","0","0","1016.9","","28","26","","","","26.7","","28"
"Subscriber","440103227943283","2023-02-02 16:26:07","2023-02-02T16:26:07.057+09:00","1434","0","27.4","0","0","1017","","28.3","27","","","","26.7","","28.1"
"Subscriber","440103227943283","2023-02-02 16:11:01","2023-02-02T16:11:01.404+09:00","1427","0","28.4","0","0.5","1017.2","","27.7","26","","","","27","","28.4"
"Subscriber","440103227943283","2023-02-02 15:55:55","2023-02-02T15:55:55.649+09:00","1439","0","28.4","0","0.5","1017.4","","27.3","25","","","","27.2","","28.9"
"Subscriber","440103227943283","2023-02-02 15:40:49","2023-02-02T15:40:49.900+09:00","1441","0","28.6","0","0","1017.4","","26","25","","","","28.2","","29.8"
"Subscriber","440103227943283","2023-02-02 15:25:44","2023-02-02T15:25:44.411+09:00","1382","0","28.6","0","0","1017.5","","19.8","24","","","","33.2","","30.2"
"Subscriber","440103227943283","2023-02-02 15:10:38","2023-02-02T15:10:38.747+09:00","1260","0","28.6","0","1.5","1017.5","","19.1","23","","","","33.5","","30.2"
"Subscriber","440103227943283","2023-02-02 14:55:33","2023-02-02T14:55:33.256+09:00","1168","0","28.4","0","0.5","1017.6","","19.2","23","","","","33.1","","29.7"
"Subscriber","440103227943283","2023-02-02 14:40:27","2023-02-02T14:40:27.573+09:00","1124","488","28.6","0","0","1017.8","","19.4","23","","","","32.7","","29.4"
"Subscriber","440103227943283","2023-02-02 14:25:21","2023-02-02T14:25:21.850+09:00","1047","0","27.4","0","0","1017.9","","18.9","23","","","","32.5","","29.2"
"Subscriber","440103227943283","2023-02-02 14:10:16","2023-02-02T14:10:16.343+09:00","991","0","26.9","0","0","1017.6","","18.9","23","","","","32.2","","28.8"
"Subscriber","440103227943283","2023-02-02 13:55:10","2023-02-02T13:55:10.856+09:00","846","488","26.2","0","0","1017.5","","19","23","","","","31.5","","27.9"
"Subscriber","440103227943283","2023-02-02 13:40:05","2023-02-02T13:40:05.465+09:00","797","0","25.4","0","0.5","1017.3","","19.2","23","","","","30.3","","27.1"
"Subscriber","440103227943283","2023-02-02 13:25:00","2023-02-02T13:25:00.010+09:00","717","0","25.7","0","0","1017.1","","19.5","23","","","","30.3","","27"
"Subscriber","440103227943283","2023-02-02 13:09:54","2023-02-02T13:09:54.564+09:00","651","0","25.9","0","0","1017.1","","19","23","","","","30.2","","26.9"
"Subscriber","440103227943283","2023-02-02 12:54:48","2023-02-02T12:54:48.863+09:00","678","0","25.4","0","0","1017.3","","19","23","","","","30.2","","27"
"Subscriber","440103227943283","2023-02-02 12:39:43","2023-02-02T12:39:43.366+09:00","759","0","25.4","0","0","1017.5","","18.4","22","","","","31","","27.6"
"Subscriber","440103227943283","2023-02-02 12:24:37","2023-02-02T12:24:37.602+09:00","787","0","25.7","0","1","1017.6","","19.1","23","","","","30.6","","27.3"
"Subscriber","440103227943283","2023-02-02 12:09:31","2023-02-02T12:09:31.969+09:00","767","0","24.9","0","0.5","1018","","19.1","23","","","","30.4","","27.2"
"Subscriber","440103227943283","2023-02-02 11:54:26","2023-02-02T11:54:26.225+09:00","796","0","25.2","0","0","1018.2","","19.3","24","","","","30.6","","27"
"Subscriber","440103227943283","2023-02-02 11:39:20","2023-02-02T11:39:20.272+09:00","784","0","24.2","0","1","1018.5","","19.5","23","","","","30.1","","26.5"
"Subscriber","440103227943283","2023-02-02 11:24:14","2023-02-02T11:24:14.261+09:00","718","0","24.2","0","0","1018.5","","19.8","24","","","","29.6","","26.1"
"Subscriber","440103227943283","2023-02-02 11:09:08","2023-02-02T11:09:08.124+09:00","647","0","23.2","0","0.5","1018.6","","20.4","24","","","","28.2","","24.9"
"Subscriber","440103227943283","2023-02-02 10:54:03","2023-02-02T10:54:03.259+09:00","567","0","21.8","0","0","1018.7","","21.5","25","","","","26.5","","23.4"
"Subscriber","440103227943283","2023-02-02 10:38:57","2023-02-02T10:38:57.814+09:00","529","0","20.8","0","0","1018.7","","21.9","26","","","","25.7","","22.5"
"Subscriber","440103227943283","2023-02-02 10:23:52","2023-02-02T10:23:52.389+09:00","509","0","19.1","0","0","1018.8","","22.6","27","","","","25","","21.5"
"Subscriber","440103227943283","2023-02-02 10:08:46","2023-02-02T10:08:46.712+09:00","545","0","16.6","0","0","1018.8","","25.9","30","","","","22.4","","19.5"
"Subscriber","440103227943283","2023-02-02 09:53:41","2023-02-02T09:53:41.352+09:00","475","0","17.6","0","0","1018.9","","25.3","29","","","","22.4","","19.5"
"Subscriber","440103227943283","2023-02-02 09:38:35","2023-02-02T09:38:35.739+09:00","422","488","17.9","0","0","1018.9","","25.3","29","","","","22.1","","19.6"
"Subscriber","440103227943283","2023-02-02 09:23:30","2023-02-02T09:23:30.385+09:00","473","0","17.6","0","0","1018.6","","26","29","","","","21.9","","19.6"
"Subscriber","440103227943283","2023-02-02 09:08:24","2023-02-02T09:08:24.720+09:00","451","0","17.9","0","0","1018.6","","25.7","28","","","","22.1","","20.2"
"Subscriber","440103227943283","2023-02-02 08:53:19","2023-02-02T08:53:19.270+09:00","461","0","17.9","0","0","1018.5","","25.3","28","","","","22.8","","20.5"
"Subscriber","440103227943283","2023-02-02 08:38:13","2023-02-02T08:38:13.829+09:00","465","0","18.3","0","0","1018.4","","25.1","28","","","","23.2","","20.7"
"Subscriber","440103227943283","2023-02-02 08:23:08","2023-02-02T08:23:08.230+09:00","513","0","19.1","0","0","1018.5","","25.2","29","","","","24","","21.3"
"Subscriber","440103227943283","2023-02-02 08:08:02","2023-02-02T08:08:02.101+09:00","505","0","19.6","0","0","1018.3","","25.1","29","","","","24.1","","21.3"
"Subscriber","440103227943283","2023-02-02 07:52:56","2023-02-02T07:52:56.464+09:00","523","0","19.6","0","0","1018.2","","25.1","29","","","","24.1","","21.3"
"Subscriber","440103227943283","2023-02-02 07:37:50","2023-02-02T07:37:50.858+09:00","524","0","20.1","0","0","1018.1","","24.7","29","","","","24.5","","21.3"
"Subscriber","440103227943283","2023-02-02 07:22:45","2023-02-02T07:22:45.262+09:00","518","0","19.1","0","0","1018","","24.6","29","","","","24.7","","21.4"
"Subscriber","440103227943283","2023-02-02 07:07:39","2023-02-02T07:07:39.825+09:00","525","0","19.1","0","0","1017.9","","24.5","29","","","","24.7","","21.4"
"Subscriber","440103227943283","2023-02-02 06:52:34","2023-02-02T06:52:34.388+09:00","532","0","19.3","0","0","1017.8","","24.8","29","","","","24.5","","21.4"
"Subscriber","440103227943283","2023-02-02 06:37:28","2023-02-02T06:37:28.705+09:00","539","0","19.6","0","0","1017.6","","24.6","29","","","","24.8","","21.5"
"Subscriber","440103227943283","2023-02-02 06:22:23","2023-02-02T06:22:23.105+09:00","543","0","19.8","0","0","1017.4","","24.9","29","","","","24.6","","21.6"
"Subscriber","440103227943283","2023-02-02 06:07:17","2023-02-02T06:07:17.508+09:00","552","0","20.5","0","0","1017.2","","24.8","29","","","","24.6","","21.6"
"Subscriber","440103227943283","2023-02-02 05:52:12","2023-02-02T05:52:12.063+09:00","556","0","18.6","0","0","1017.1","","24.9","29","","","","24.6","","21.6"
"Subscriber","440103227943283","2023-02-02 05:37:06","2023-02-02T05:37:06.389+09:00","563","0","19.3","0","0","1016.8","","24.8","29","","","","24.7","","21.6"
"Subscriber","440103227943283","2023-02-02 05:22:00","2023-02-02T05:22:00.775+09:00","547","0","19.8","0","0","1016.6","","24.8","29","","","","24.8","","21.7"
"Subscriber","440103227943283","2023-02-02 05:06:55","2023-02-02T05:06:55.351+09:00","545","0","20.1","0","0","1016.3","","24.9","29","","","","24.8","","21.8"
"Subscriber","440103227943283","2023-02-02 04:51:49","2023-02-02T04:51:49.742+09:00","567","0","20.5","0","0","1016.3","","24.7","29","","","","24.9","","21.8"
"Subscriber","440103227943283","2023-02-02 04:36:44","2023-02-02T04:36:44.138+09:00","579","0","19.1","0","0","1016","","24.9","29","","","","24.9","","21.9"
"Subscriber","440103227943283","2023-02-02 04:21:38","2023-02-02T04:21:38.692+09:00","585","0","20.1","0","0","1015.8","","24.8","29","","","","25","","21.9"
"Subscriber","440103227943283","2023-02-02 04:06:33","2023-02-02T04:06:33.100+09:00","585","488","21","0","0","1015.7","","25","29","","","","24.9","","22"
"Subscriber","440103227943283","2023-02-02 03:51:27","2023-02-02T03:51:27.427+09:00","600","0","19.8","0","0.5","1015.5","","24.6","29","","","","25.3","","22"
"Subscriber","440103227943283","2023-02-02 03:36:21","2023-02-02T03:36:21.823+09:00","595","0","20.5","0","0","1015.5","","24.7","29","","","","25.3","","22.1"
"Subscriber","440103227943283","2023-02-02 03:21:16","2023-02-02T03:21:16.390+09:00","614","0","20.3","0","0","1015.3","","24.6","29","","","","25.4","","22.2"
"Subscriber","440103227943283","2023-02-02 03:06:10","2023-02-02T03:06:10.944+09:00","614","488","20.3","0","0","1015.3","","24.5","29","","","","25.6","","22.3"
"Subscriber","440103227943283","2023-02-02 02:51:05","2023-02-02T02:51:05.505+09:00","625","0","20.1","0","0","1015.3","","24.5","29","","","","25.7","","22.4"
"Subscriber","440103227943283","2023-02-02 02:35:59","2023-02-02T02:35:59.894+09:00","646","0","20.5","0","0","1015.2","","24.4","29","","","","25.8","","22.5"
"Subscriber","440103227943283","2023-02-02 02:20:54","2023-02-02T02:20:54.383+09:00","639","0","20.3","0","0","1015.1","","24.4","29","","","","25.9","","22.5"
"Subscriber","440103227943283","2023-02-02 02:05:48","2023-02-02T02:05:48.865+09:00","644","0","22.3","0","0","1014.9","","24.4","29","","","","25.9","","22.6"
"Subscriber","440103227943283","2023-02-02 01:50:43","2023-02-02T01:50:43.424+09:00","633","0","20.5","0","0","1014.7","","24.2","29","","","","26","","22.6"
"Subscriber","440103227943283","2023-02-02 01:35:38","2023-02-02T01:35:38.158+09:00","649","0","20.5","0","0","1014.3","","24.4","29","","","","25.9","","22.7"
"Subscriber","440103227943283","2023-02-02 01:20:32","2023-02-02T01:20:32.505+09:00","642","0","21","0","0","1014.1","","24.4","29","","","","25.9","","22.8"
"Subscriber","440103227943283","2023-02-02 01:05:27","2023-02-02T01:05:27.037+09:00","662","0","20.8","0","0.5","1013.8","","24.5","29","","","","25.9","","22.9"
"Subscriber","440103227943283","2023-02-02 00:50:21","2023-02-02T00:50:21.449+09:00","674","0","21","0","0","1013.8","","24.4","28","","","","26.1","","23.1"
"Subscriber","440103227943283","2023-02-02 00:35:15","2023-02-02T00:35:15.824+09:00","680","0","21.5","0","0","1013.7","","24.4","28","","","","26.1","","23.2"
"Subscriber","440103227943283","2023-02-02 00:20:10","2023-02-02T00:20:10.219+09:00","680","0","22.3","0","0.5","1013.4","","24.2","28","","","","26.3","","23.4"
"Subscriber","440103227943283","2023-02-02 00:05:04","2023-02-02T00:05:04.779+09:00","695","0","21.8","0","0","1013.3","","24.3","28","","","","26.3","","23.6"
"Subscriber","440103227943283","2023-02-01 23:49:59","2023-02-01T23:49:59.172+09:00","705","0","22","0","0.5","1013.2","","24.5","28","","","","26.2","","23.8"
"Subscriber","440103227943283","2023-02-01 23:34:53","2023-02-01T23:34:53.583+09:00","726","0","23","0","0","1013.1","","24.4","28","","","","26.5","","24"
"Subscriber","440103227943283","2023-02-01 23:19:48","2023-02-01T23:19:48.149+09:00","731","0","22.7","0","0","1013","","24.3","28","","","","26.7","","24.3"
"Subscriber","440103227943283","2023-02-01 23:04:42","2023-02-01T23:04:42.460+09:00","751","0","23.2","0","0","1012.9","","23.9","27","","","","27.2","","24.8"
"Subscriber","440103227943283","2023-02-01 22:49:37","2023-02-01T22:49:37.029+09:00","769","0","24","0","0","1012.9","","23.6","27","","","","27.7","","25.4"
"Subscriber","440103227943283","2023-02-01 22:34:31","2023-02-01T22:34:31.509+09:00","787","488","25.2","0","0","1013","","23.2","26","","","","28.2","","26"
"Subscriber","440103227943283","2023-02-01 22:19:25","2023-02-01T22:19:25.745+09:00","787","0","25.9","0","0","1013","","22","26","","","","29.5","","26.9"
"Subscriber","440103227943283","2023-02-01 22:04:20","2023-02-01T22:04:20.306+09:00","754","0","27.4","0","0","1013","","19.7","24","","","","31.7","","28.7"
"Subscriber","440103227943283","2023-02-01 21:49:14","2023-02-01T21:49:14.695+09:00","812","0","28.4","0","0","1013","","19","23","","","","32.8","","29.5"
"Subscriber","440103227943283","2023-02-01 21:34:08","2023-02-01T21:34:08.941+09:00","759","0","29.3","0","0.5","1013.1","","19.7","23","","","","32","","29.2"
"Subscriber","440103227943283","2023-02-01 21:19:03","2023-02-01T21:19:03.177+09:00","750","0","27.4","0","0.5","1012.7","","19.9","23","","","","31.6","","28.9"
"Subscriber","440103227943283","2023-02-01 21:03:57","2023-02-01T21:03:57.503+09:00","764","0","26.7","0","0","1012.5","","20","24","","","","31.7","","28.9"
"Subscriber","440103227943283","2023-02-01 20:48:51","2023-02-01T20:48:51.752+09:00","801","488","27.6","0","0","1012.6","","20.3","24","","","","31.5","","29"
"Subscriber","440103227943283","2023-02-01 20:33:45","2023-02-01T20:33:45.913+09:00","961","0","29.3","0","0","1012.6","","21.2","25","","","","32","","29.3"
"Subscriber","440103227943283","2023-02-01 20:18:40","2023-02-01T20:18:40.297+09:00","903","0","26.4","0","0","1012.5","","21.6","25","","","","31.4","","28.7"
"Subscriber","440103227943283","2023-02-01 20:03:34","2023-02-01T20:03:34.626+09:00","915","488","26.7","0","0","1012.6","","21.5","25","","","","31","","28.3"
"Subscriber","440103227943283","2023-02-01 19:48:29","2023-02-01T19:48:29.020+09:00","914","0","25.9","0","0","1012.1","","22.9","27","","","","30.2","","27.3"
"Subscriber","440103227943283","2023-02-01 19:33:23","2023-02-01T19:33:23.413+09:00","750","0","23.2","0","0","1011.8","","24.3","28","","","","27.8","","25.3"
"Subscriber","440103227943283","2023-02-01 19:18:17","2023-02-01T19:18:17.985+09:00","748","488","23.5","0","0","1011.7","","24.1","29","","","","28.2","","25.4"
"Subscriber","440103227943283","2023-02-01 19:03:12","2023-02-01T19:03:12.379+09:00","730","0","24.5","0","0","1011.7","","23.9","28","","","","28.5","","25.7"
"Subscriber","440103227943283","2023-02-01 18:48:06","2023-02-01T18:48:06.864+09:00","731","0","24.9","0","0","1011.7","","24.3","28","","","","28.6","","26"
"Subscriber","440103227943283","2023-02-01 18:33:01","2023-02-01T18:33:01.193+09:00","711","0","25.9","0","0","1011.6","","23.4","28","","","","29.2","","26.5"
"Subscriber","440103227943283","2023-02-01 18:17:55","2023-02-01T18:17:55.506+09:00","693","0","26.4","0","0","1011.3","","24.1","26","","","","29","","27.7"
"Subscriber","440103227943283","2023-02-01 15:05:45","2023-02-01T15:05:45.824+09:00","699","0","26.9","0","0.5","1009.5","","18.2","27","","","","34.6","","27.9"
"Subscriber","440103227943283","2023-02-01 14:50:41","2023-02-01T14:50:41.194+09:00","717","0","28.1","0","0","1009.7","","17.6","25","","","","35.6","","29.3"
"Subscriber","440103227943283","2023-02-01 14:35:36","2023-02-01T14:35:36.232+09:00","1071","0","28.4","0","1","1009.7","","17.6","26","","","","36.7","","30.4"
"Subscriber","440103227943283","2023-02-01 14:20:31","2023-02-01T14:20:31.598+09:00","1140","0","28.4","0","0.5","1009.5","","18.3","27","","","","36.6","","29.9"
"Subscriber","440103227943283","2023-02-01 14:05:27","2023-02-01T14:05:27.020+09:00","1085","488","27.4","0","0","1009.4","","18.3","28","","","","36.3","","28.8"
"Subscriber","440103227943283","2023-02-01 13:50:22","2023-02-01T13:50:22.471+09:00","1189","0","27.9","0","0","1009.4","","35.4","31","","","","24.5","","27.1"
"Subscriber","440103227943283","2023-02-01 13:35:17","2023-02-01T13:35:17.974+09:00","1092","0","26.7","0","0","1009.3","","37","31","","","","24.5","","26.8"
"Subscriber","440103227943283","2023-02-01 13:20:13","2023-02-01T13:20:13.349+09:00","1148","488","26.2","0","1","1009.5","","37.1","33","","","","24.4","","26.5"
"Subscriber","440103227943283","2023-02-01 13:05:08","2023-02-01T13:05:08.805+09:00","1116","0","25.2","0","0","1009.7","","36.7","33","","","","23.8","","25.7"
"Subscriber","440103227943283","2023-02-01 12:50:04","2023-02-01T12:50:04.074+09:00","906","0","26.9","0","0","1009.8","","37.4","34","","","","22.8","","24.5"
"Subscriber","440103227943283","2023-02-01 12:34:59","2023-02-01T12:34:59.421+09:00","797","0","22.3","0","0","1009.9","","38","35","","","","21.2","","22.7"
"Subscriber","440103227943283","2023-02-01 12:19:54","2023-02-01T12:19:54.866+09:00","664","0","22.3","0","0","1010","","40.6","37","","","","19.1","","21.1"
"Subscriber","440103227943283","2023-02-01 12:04:50","2023-02-01T12:04:50.387+09:00","719","0","22.3","0","0","1010.4","","41.1","38","","","","19.3","","21"
"Subscriber","440103227943283","2023-02-01 11:49:45","2023-02-01T11:49:45.827+09:00","666","0","20.5","0","0","1010.8","","42.8","39","","","","19.1","","20.7"
"Subscriber","440103227943283","2023-02-01 11:34:41","2023-02-01T11:34:41.353+09:00","666","0","19.3","0","0","1010.9","","41.7","39","","","","18.9","","20.2"
"Subscriber","440103227943283","2023-02-01 11:19:36","2023-02-01T11:19:36.795+09:00","702","977","21.5","0","0","1011.4","","43","40","","","","18.6","","19.9"
"Subscriber","440103227943283","2023-02-01 11:04:32","2023-02-01T11:04:32.291+09:00","693","0","19.3","0","0","1011.7","","44.2","42","","","","18.1","","19.3"
"Subscriber","440103227943283","2023-02-01 10:49:27","2023-02-01T10:49:27.820+09:00","727","0","18.3","0","0","1011.9","","45.4","43","","","","17.6","","18.5"
"Subscriber","440103227943283","2023-02-01 10:32:55","2023-02-01T10:32:55.661+09:00","652","0","17.6","0","0","1012.1","","45.3","42","","","","17.2","","18.2"
"Subscriber","440103227943283","2023-02-01 10:17:51","2023-02-01T10:17:51.106+09:00","692","0","18.1","0","0","1012.2","","44.7","42","","","","16.8","","18.1"
"Subscriber","440103227943283","2023-02-01 10:02:46","2023-02-01T10:02:46.625+09:00","620","0","18.3","0","0","1012.2","","45.3","41","","","","16.3","","17.7"
"Subscriber","440103227943283","2023-02-01 09:47:42","2023-02-01T09:47:42.059+09:00","528","0","17.6","0","0","1012.2","","43.6","40","","","","16.2","","17.4"
"Subscriber","440103227943283","2023-02-01 09:32:37","2023-02-01T09:32:37.590+09:00","517","0","16.6","0","0","1012.2","","42.9","39","","","","15.7","","17.1"
"Subscriber","440103227943283","2023-02-01 09:17:33","2023-02-01T09:17:33.102+09:00","474","0","17.4","0","0","1012.3","","41.6","37","","","","15.4","","17.2"
"Subscriber","440103227943283","2023-02-01 09:02:28","2023-02-01T09:02:28.626+09:00","490","0","17.1","0","0","1012.5","","41.6","37","","","","15.1","","16.9"
"Subscriber","440103227943283","2023-02-01 08:47:23","2023-02-01T08:47:23.665+09:00","499","0","15.7","0","0","1012.6","","41.8","37","","","","14.7","","16.6"
"Subscriber","440103227943283","2023-02-01 08:32:19","2023-02-01T08:32:19.260+09:00","508","0","16.6","0","0","1012.6","","35","31","","","","15.9","","17.6"
"Subscriber","440103227943283","2023-02-01 08:17:14","2023-02-01T08:17:14.792+09:00","525","0","16.6","0","0","1012.5","","34.8","31","","","","15.9","","17.6"
"Subscriber","440103227943283","2023-02-01 08:02:10","2023-02-01T08:02:10.231+09:00","530","0","16.4","0","0","1012.6","","34.6","31","","","","15.9","","17.6"
"Subscriber","440103227943283","2023-02-01 07:47:05","2023-02-01T07:47:05.692+09:00","528","0","17.1","0","0","1012.8","","34.5","31","","","","15.9","","17.6"
"Subscriber","440103227943283","2023-02-01 07:32:01","2023-02-01T07:32:01.339+09:00","537","0","16.6","0","0","1012.7","","34.3","30","","","","15.9","","17.6"
"Subscriber","440103227943283","2023-02-01 07:16:56","2023-02-01T07:16:56.876+09:00","540","0","17.9","0","0","1012.7","","34.1","30","","","","15.9","","17.7"
"Subscriber","440103227943283","2023-02-01 07:01:52","2023-02-01T07:01:52.400+09:00","545","0","17.9","0","0","1012.9","","33.9","30","","","","16","","17.7"
"Subscriber","440103227943283","2023-02-01 06:46:47","2023-02-01T06:46:47.893+09:00","568","0","17.4","0","0","1012.9","","33.8","30","","","","16","","17.8"
"Subscriber","440103227943283","2023-02-01 06:31:43","2023-02-01T06:31:43.429+09:00","585","0","18.1","0","0","1013","","33.7","30","","","","16","","17.8"
"Subscriber","440103227943283","2023-02-01 06:16:38","2023-02-01T06:16:38.781+09:00","587","0","18.1","0.1","0","1012.8","","33.6","30","","","","16.1","","17.9"
"Subscriber","440103227943283","2023-02-01 06:01:34","2023-02-01T06:01:34.068+09:00","589","0","18.6","0","0","1012.8","","33.6","30","","","","16.1","","17.9"
"Subscriber","440103227943283","2023-02-01 05:46:29","2023-02-01T05:46:29.584+09:00","604","0","19.1","0","0","1012.8","","33.5","30","","","","16.2","","18"
"Subscriber","440103227943283","2023-02-01 05:31:25","2023-02-01T05:31:25.099+09:00","606","0","19.3","0","0","1012.9","","33.5","30","","","","16.3","","18"
"Subscriber","440103227943283","2023-02-01 05:16:20","2023-02-01T05:16:20.622+09:00","629","0","18.1","0","0","1012.9","","33.6","30","","","","16.3","","18.1"
"Subscriber","440103227943283","2023-02-01 05:01:16","2023-02-01T05:01:16.143+09:00","645","0","17.9","0","0","1013.1","","33.7","30","","","","16.3","","18.1"
"Subscriber","440103227943283","2023-02-01 04:46:11","2023-02-01T04:46:11.676+09:00","655","0","17.9","0","0.5","1013.1","","33.7","30","","","","16.4","","18.2"
"Subscriber","440103227943283","2023-02-01 04:31:07","2023-02-01T04:31:07.187+09:00","672","0","18.6","0","1.5","1012.9","","33.8","30","","","","16.5","","18.3"
"Subscriber","440103227943283","2023-02-01 04:16:02","2023-02-01T04:16:02.703+09:00","674","0","18.3","0","0.5","1013.2","","33.7","30","","","","16.5","","18.4"
"Subscriber","440103227943283","2023-02-01 04:00:58","2023-02-01T04:00:58.232+09:00","664","0","18.8","0","0","1013.4","","33.6","30","","","","16.6","","18.4"
"Subscriber","440103227943283","2023-02-01 03:45:53","2023-02-01T03:45:53.749+09:00","641","0","18.6","0","2","1013.5","","33.4","29","","","","16.6","","18.4"
"Subscriber","440103227943283","2023-02-01 03:30:49","2023-02-01T03:30:49.264+09:00","633","0","18.1","0","0","1013.7","","33.2","29","","","","16.7","","18.5"
"Subscriber","440103227943283","2023-02-01 03:15:44","2023-02-01T03:15:44.772+09:00","637","0","19.6","0","0","1013.9","","33","29","","","","16.8","","18.6"
"Subscriber","440103227943283","2023-02-01 03:15:01","2023-02-01T03:15:01.977+09:00","638","488","18.8","0","0.5","1013.9","","33","29","","","","16.8","","18.6"
"Subscriber","440103227943283","2023-02-01 02:59:57","2023-02-01T02:59:57.416+09:00","649","0","19.1","0.1","0.5","1014","","33","29","","","","16.9","","18.7"
"Subscriber","440103227943283","2023-02-01 02:44:52","2023-02-01T02:44:52.948+09:00","657","0","19.6","0","0","1014","","33","29","","","","17","","18.8"
"Subscriber","440103227943283","2023-02-01 02:29:48","2023-02-01T02:29:48.459+09:00","679","0","17.1","0","0","1014","","33","29","","","","17","","18.9"
"Subscriber","440103227943283","2023-02-01 02:14:43","2023-02-01T02:14:43.987+09:00","698","0","19.3","0","0.5","1014","","33","29","","","","17.1","","19"
"Subscriber","440103227943283","2023-02-01 01:59:39","2023-02-01T01:59:39.506+09:00","718","0","19.8","0","0","1013.9","","33","29","","","","17.2","","19.1"
"Subscriber","440103227943283","2023-02-01 01:44:35","2023-02-01T01:44:35.029+09:00","718","0","20.5","0","0","1014","","33.1","29","","","","17.3","","19.2"
"Subscriber","440103227943283","2023-02-01 01:29:30","2023-02-01T01:29:30.543+09:00","739","0","19.3","0","0","1014","","33","29","","","","17.4","","19.3"
"Subscriber","440103227943283","2023-02-01 01:14:25","2023-02-01T01:14:25.981+09:00","736","0","19.6","0","1.5","1014","","33.1","29","","","","17.5","","19.4"
"Subscriber","440103227943283","2023-02-01 00:59:21","2023-02-01T00:59:21.495+09:00","765","0","19.1","0","1.5","1014.1","","33.1","29","","","","17.6","","19.5"
"Subscriber","440103227943283","2023-02-01 00:44:17","2023-02-01T00:44:17.029+09:00","787","0","19.6","0","0","1014","","33.2","29","","","","17.6","","19.7"
"Subscriber","440103227943283","2023-02-01 00:29:12","2023-02-01T00:29:12.544+09:00","798","0","19.6","0","0","1014.1","","33.2","29","","","","17.8","","19.8"
"Subscriber","440103227943283","2023-02-01 00:14:08","2023-02-01T00:14:08.058+09:00","825","0","19.1","0","0","1014.4","","33.2","29","","","","17.9","","20"
"Subscriber","440103227943283","2023-01-31 23:59:03","2023-01-31T23:59:03.589+09:00","842","0","19.8","0","0","1014.4","","33.2","29","","","","18.1","","20.2"
"Subscriber","440103227943283","2023-01-31 23:43:59","2023-01-31T23:43:59.113+09:00","864","0","22.3","0","0","1014.6","","33.1","29","","","","18.2","","20.4"
"Subscriber","440103227943283","2023-01-31 23:28:54","2023-01-31T23:28:54.607+09:00","887","0","22.5","0","0","1014.7","","33.1","29","","","","18.4","","20.7"
"Subscriber","440103227943283","2023-01-31 23:13:50","2023-01-31T23:13:50.157+09:00","915","0","21.3","0","1.5","1014.5","","33","28","","","","18.7","","21"
"Subscriber","440103227943283","2023-01-31 22:58:45","2023-01-31T22:58:45.651+09:00","966","0","22.5","0","0","1014.6","","32.4","28","","","","19.2","","21.5"
"Subscriber","440103227943283","2023-01-31 22:43:41","2023-01-31T22:43:41.182+09:00","841","0","21.5","0","0","1014.6","","31.3","27","","","","19.3","","21.8"
"Subscriber","440103227943283","2023-01-31 22:28:36","2023-01-31T22:28:36.541+09:00","788","0","24","0","0","1014.7","","31.2","26","","","","19.5","","22.2"
"Subscriber","440103227943283","2023-01-31 22:13:32","2023-01-31T22:13:32.067+09:00","771","0","24.9","0","0","1014.8","","29.5","25","","","","20.3","","22.9"
"Subscriber","440103227943283","2023-01-31 21:58:27","2023-01-31T21:58:27.514+09:00","853","0","26.9","0","0","1015","","28.9","26","","","","21.6","","24.2"
"Subscriber","440103227943283","2023-01-31 21:43:23","2023-01-31T21:43:23.028+09:00","959","0","25.4","0","0","1014.8","","29.2","26","","","","22.3","","24.8"
"Subscriber","440103227943283","2023-01-31 21:28:18","2023-01-31T21:28:18.393+09:00","1265","0","26.2","0","1","1015","","28.9","26","","","","22.7","","25.1"
"Subscriber","440103227943283","2023-01-31 21:13:13","2023-01-31T21:13:13.824+09:00","1146","0","27.4","0","0","1015.1","","30","27","","","","23.2","","25.4"
"Subscriber","440103227943283","2023-01-31 20:58:09","2023-01-31T20:58:09.267+09:00","1069","0","26.2","0","0.5","1015.2","","29.7","28","","","","23.2","","25.3"
"Subscriber","440103227943283","2023-01-31 20:43:04","2023-01-31T20:43:04.480+09:00","945","0","25.4","0","1.5","1015","","29","27","","","","23","","25.1"
"Subscriber","440103227943283","2023-01-31 20:27:59","2023-01-31T20:27:59.896+09:00","817","0","25.9","0","0","1014.9","","29.2","27","","","","22.6","","24.6"
"Subscriber","440103227943283","2023-01-31 20:12:55","2023-01-31T20:12:55.349+09:00","601","0","24.5","0","0","1014.9","","26.8","24","","","","21.7","","24.2"
"Subscriber","440103227943283","2023-01-31 19:57:50","2023-01-31T19:57:50.858+09:00","627","0","24.2","0","0","1015","","28.5","24","","","","21.6","","24.1"
"Subscriber","440103227943283","2023-01-31 19:42:46","2023-01-31T19:42:46.321+09:00","610","0","25.9","0.1","0","1015","","26.6","23","","","","21.6","","24.1"
"Subscriber","440103227943283","2023-01-31 19:27:41","2023-01-31T19:27:41.583+09:00","608","0","26.2","0.1","0","1015.1","","26.5","24","","","","21.6","","24"
"Subscriber","440103227943283","2023-01-31 19:12:37","2023-01-31T19:12:37.024+09:00","609","0","24","0","0","1015.2","","26.8","24","","","","21.5","","23.7"
"Subscriber","440103227943283","2023-01-31 18:57:32","2023-01-31T18:57:32.144+09:00","572","0","24","0","0","1015","","27.3","24","","","","20.8","","23.1"
"Subscriber","440103227943283","2023-01-31 18:42:27","2023-01-31T18:42:27.585+09:00","560","0","24","0","0","1015.1","","27","23","","","","20.7","","23.6"
"Subscriber","440103227943283","2023-01-31 18:27:23","2023-01-31T18:27:23.010+09:00","917","0","23.5","0","0","1014.9","","29.3","27","","","","21.7","","23.3"
"Subscriber","440103227943283","2023-01-31 18:12:18","2023-01-31T18:12:18.535+09:00","679","0","24.9","0","0","1015.2","","28.5","24","","","","20","","23.1"
"Subscriber","440103227943283","2023-01-31 17:57:13","2023-01-31T17:57:13.991+09:00","819","1466","25.2","0","0.5","1014.9","","28.1","24","","","","22.4","","24.3"
"Subscriber","440103227943283","2023-01-31 17:42:09","2023-01-31T17:42:09.499+09:00","679","0","24.2","0","0","1015","","26.5","24","","","","21.8","","23.8"
"Subscriber","440103227943283","2023-01-31 17:27:04","2023-01-31T17:27:04.951+09:00","636","0","24.9","0.1","0","1014.9","","26.2","23","","","","21.5","","23.7"
"Subscriber","440103227943283","2023-01-31 17:12:00","2023-01-31T17:12:00.226+09:00","582","0","25.2","0","0","1014.9","","26.9","23","","","","21.3","","23.8"
"Subscriber","440103227943283","2023-01-31 16:56:55","2023-01-31T16:56:55.657+09:00","775","1466","26.7","0.1","0","1014.8","","27","23","","","","22.4","","25.2"
"Subscriber","440103227943283","2023-01-31 16:41:51","2023-01-31T16:41:51.025+09:00","744","0","27.4","0","1","1014.8","","26.3","23","","","","24","","26.4"
"Subscriber","440103227943283","2023-01-31 16:26:46","2023-01-31T16:26:46.381+09:00","739","977","26.7","0","1.5","1014.9","","25.5","23","","","","24.1","","26.5"
"Subscriber","440103227943283","2023-01-31 16:11:41","2023-01-31T16:11:41.743+09:00","747","1466","27.1","0","0.5","1014.9","","26.3","23","","","","23.8","","26.4"
"Subscriber","440103227943283","2023-01-31 15:56:37","2023-01-31T15:56:37.192+09:00","763","0","25.9","0","0","1015","","25.2","23","","","","23.8","","26"
"Subscriber","440103227943283","2023-01-31 15:41:32","2023-01-31T15:41:32.618+09:00","645","1466","26.4","0","0","1015.3","","25.9","24","","","","23.3","","25.6"
"Subscriber","440103227943283","2023-01-31 15:26:28","2023-01-31T15:26:28.079+09:00","647","0","25.7","0","0","1015.4","","24.8","22","","","","22.6","","25.2"
"Subscriber","440103227943283","2023-01-31 15:11:23","2023-01-31T15:11:23.495+09:00","776","977","27.9","0","0","1015.4","","25.5","22","","","","23.3","","25.8"
"Subscriber","440103227943283","2023-01-31 14:56:18","2023-01-31T14:56:18.867+09:00","773","0","26.4","0","1.5","1015.5","","25.4","22","","","","23.4","","25.7"
"Subscriber","440103227943283","2023-01-31 14:41:14","2023-01-31T14:41:14.305+09:00","895","0","27.9","0","0","1015.4","","26.6","24","","","","23.5","","25.9"
"Subscriber","440103227943283","2023-01-31 14:26:09","2023-01-31T14:26:09.656+09:00","890","488","26.9","0","0.5","1015.4","","27.8","24","","","","23.3","","25.6"
"Subscriber","440103227943283","2023-01-31 14:11:04","2023-01-31T14:11:04.640+09:00","649","0","25.4","0","0","1015.4","","25.4","22","","","","22.4","","24.9"
"Subscriber","440103227943283","2023-01-31 13:56:00","2023-01-31T13:56:00.070+09:00","628","0","24.9","0","0","1015.3","","24.7","22","","","","22.3","","25.3"
"Subscriber","440103227943283","2023-01-31 13:40:55","2023-01-31T13:40:55.346+09:00","679","1466","26.4","0.2","0.5","1015.4","","25.2","22","","","","22.3","","25.3"
"Subscriber","440103227943283","2023-01-31 13:25:50","2023-01-31T13:25:50.706+09:00","678","0","26.9","0","0","1015.5","","25.5","22","","","","22.5","","25.3"
"Subscriber","440103227943283","2023-01-31 13:10:46","2023-01-31T13:10:46.152+09:00","689","0","28.6","0","0.5","1015.6","","25","22","","","","22.6","","25.6"
"Subscriber","440103227943283","2023-01-31 13:10:02","2023-01-31T13:10:02.914+09:00","705","0","26.9","0","0","1015.7","","25.5","22","","","","22.8","","25.6"
"Subscriber","440103227943283","2023-01-31 12:54:58","2023-01-31T12:54:58.068+09:00","1115","0","26.2","0","0.5","1015.9","","27.5","24","","","","23.7","","26.2"
"Subscriber","440103227943283","2023-01-31 12:39:53","2023-01-31T12:39:53.430+09:00","1150","0","25.9","0","0","1016.3","","28.9","25","","","","24.1","","26.6"
"Subscriber","440103227943283","2023-01-31 12:24:48","2023-01-31T12:24:48.784+09:00","1095","0","28.1","0","0","1016.4","","28.3","24","","","","23.8","","26.4"
"Subscriber","440103227943283","2023-01-31 12:09:43","2023-01-31T12:09:43.982+09:00","1019","0","26.4","0","0.5","1016.7","","27.9","24","","","","23.5","","26.2"
"Subscriber","440103227943283","2023-01-31 11:54:39","2023-01-31T11:54:39.348+09:00","1093","0","25.4","0","0","1016.8","","28.8","25","","","","23.4","","26"
"Subscriber","440103227943283","2023-01-31 11:39:34","2023-01-31T11:39:34.560+09:00","1057","0","25.9","0","0","1017","","29.2","25","","","","23.5","","25.9"
"Subscriber","440103227943283","2023-01-31 11:24:29","2023-01-31T11:24:29.987+09:00","965","0","25.2","0","0","1017.2","","28.8","26","","","","23.1","","25.6"
"Subscriber","440103227943283","2023-01-31 11:09:25","2023-01-31T11:09:25.346+09:00","1009","0","24.9","0","0","1017.3","","29.2","26","","","","22.5","","25.2"
"Subscriber","440103227943283","2023-01-31 10:54:20","2023-01-31T10:54:20.412+09:00","1006","0","25.4","0","1","1017.4","","32.5","27","","","","22.5","","24.9"
"Subscriber","440103227943283","2023-01-31 10:39:15","2023-01-31T10:39:15.115+09:00","1169","0","24.9","0","0","1017.7","","29.1","27","","","","22.1","","24.3"
"Subscriber","440103227943283","2023-01-31 10:24:10","2023-01-31T10:24:10.466+09:00","997","0","23","0","0","1017.7","","31.7","28","","","","21.8","","23.9"
"Subscriber","440103227943283","2023-01-31 10:23:27","2023-01-31T10:23:27.347+09:00","1004","0","24","0","0","1017.7","","30.2","29","","","","21.6","","23.8"
"Subscriber","440103227943283","2023-01-31 10:08:22","2023-01-31T10:08:22.722+09:00","1576","0","24.2","0","0.5","1017.7","","31.7","30","","","","21.1","","22.8"
"Subscriber","440103227943283","2023-01-31 09:53:18","2023-01-31T09:53:18.140+09:00","798","977","22","0","0","1017.9","","30.3","29","","","","19.5","","21"
"Subscriber","440103227943283","2023-01-31 09:38:13","2023-01-31T09:38:13.669+09:00","644","0","22.5","0","0","1017.9","","30","28","","","","18.2","","19.7"
"Subscriber","440103227943283","2023-01-31 09:23:09","2023-01-31T09:23:09.119+09:00","627","0","18.8","0","0","1017.7","","29.3","27","","","","17.8","","18.9"
"Subscriber","440103227943283","2023-01-31 09:08:04","2023-01-31T09:08:04.637+09:00","626","0","18.1","0","0","1017.7","","29.9","28","","","","16.9","","17.8"
"Subscriber","440103227943283","2023-01-31 08:52:59","2023-01-31T08:52:59.992+09:00","613","1466","17.6","0","0","1017.7","","31.2","29","","","","15.8","","16.9"
"Subscriber","440103227943283","2023-01-31 08:37:55","2023-01-31T08:37:55.435+09:00","674","0","16.1","0","0","1017.7","","33.8","30","","","","14.2","","16.2"
"Subscriber","440103227943283","2023-01-31 08:22:50","2023-01-31T08:22:50.935+09:00","849","0","15.9","0","0","1017.6","","34.4","30","","","","15.1","","16.8"
"Subscriber","440103227943283","2023-01-31 08:07:46","2023-01-31T08:07:46.393+09:00","858","0","18.1","0","0","1017.8","","34.3","31","","","","15.2","","16.8"
"Subscriber","440103227943283","2023-01-31 07:52:41","2023-01-31T07:52:41.906+09:00","856","0","17.4","0","0","1017.7","","34.3","31","","","","15.2","","16.9"
"Subscriber","440103227943283","2023-01-31 07:37:37","2023-01-31T07:37:37.428+09:00","849","0","17.1","0","0.5","1017.7","","34.3","31","","","","15.2","","16.9"
"Subscriber","440103227943283","2023-01-31 07:22:32","2023-01-31T07:22:32.870+09:00","864","0","18.1","0","0","1017.8","","34.3","31","","","","15.3","","17"
"Subscriber","440103227943283","2023-01-31 07:07:28","2023-01-31T07:07:28.388+09:00","848","0","17.4","0","0","1017.9","","34.3","30","","","","15.3","","17.1"
"Subscriber","440103227943283","2023-01-31 06:52:23","2023-01-31T06:52:23.825+09:00","857","0","16.6","0","0","1017.9","","34.3","30","","","","15.4","","17.1"
"Subscriber","440103227943283","2023-01-31 06:37:19","2023-01-31T06:37:19.339+09:00","863","488","17.1","0","0","1018","","34.3","30","","","","15.5","","17.2"
"Subscriber","440103227943283","2023-01-31 06:22:14","2023-01-31T06:22:14.793+09:00","843","0","18.3","0","0","1018","","34.2","30","","","","15.6","","17.3"
"Subscriber","440103227943283","2023-01-31 06:21:22","2023-01-31T06:21:22.219+09:00","858","0","16.9","0","0","1018.1","","34.1","30","","","","15.6","","17.3"
"Subscriber","440103227943283","2023-01-31 06:06:17","2023-01-31T06:06:17.589+09:00","845","0","17.1","0","0","1018.1","","34","30","","","","15.7","","17.4"
"Subscriber","440103227943283","2023-01-31 05:51:13","2023-01-31T05:51:13.029+09:00","863","0","17.6","0","0","1017.9","","34","30","","","","15.8","","17.5"
"Subscriber","440103227943283","2023-01-31 05:36:08","2023-01-31T05:36:08.478+09:00","857","0","18.6","0","0","1017.9","","34","30","","","","15.8","","17.6"
"Subscriber","440103227943283","2023-01-31 05:21:03","2023-01-31T05:21:03.912+09:00","848","0","17.1","0","0","1017.8","","33.8","30","","","","15.9","","17.6"
"Subscriber","440103227943283","2023-01-31 05:05:59","2023-01-31T05:05:59.348+09:00","843","0","17.4","0","0","1017.5","","33.7","30","","","","16","","17.8"
"Subscriber","440103227943283","2023-01-31 04:50:54","2023-01-31T04:50:54.776+09:00","835","0","18.1","0","0.5","1017.6","","33.7","30","","","","16.1","","17.9"
"Subscriber","440103227943283","2023-01-31 04:35:50","2023-01-31T04:35:50.154+09:00","848","0","19.6","0","0","1017.4","","33.6","30","","","","16.2","","18"
"Subscriber","440103227943283","2023-01-31 04:35:06","2023-01-31T04:35:06.860+09:00","846","0","18.3","0","1.5","1017.4","","33.6","30","","","","16.2","","18"
"Subscriber","440103227943283","2023-01-31 04:34:13","2023-01-31T04:34:13.032+09:00","842","0","20.8","0.1","0.5","1017.4","","33.6","30","","","","16.2","","18.1"
"Subscriber","440103227943283","2023-01-31 04:19:08","2023-01-31T04:19:08.303+09:00","847","0","17.4","0","0","1017.5","","33.5","29","","","","16.4","","18.2"
"Subscriber","440103227943283","2023-01-31 04:04:03","2023-01-31T04:04:03.826+09:00","846","0","19.3","0","0","1017.4","","33.4","29","","","","16.6","","18.5"
"Subscriber","440103227943283","2023-01-31 03:48:59","2023-01-31T03:48:59.183+09:00","843","0","18.1","0","0","1017.6","","33.2","29","","","","16.8","","18.7"
"Subscriber","440103227943283","2023-01-31 03:33:54","2023-01-31T03:33:54.466+09:00","820","0","19.3","0","0","1017.5","","32.6","29","","","","17.2","","19.1"
"Subscriber","440103227943283","2023-01-31 03:18:49","2023-01-31T03:18:49.985+09:00","825","488","21","0.1","0","1017.7","","32.2","29","","","","17.5","","19.3"
"Subscriber","440103227943283","2023-01-31 03:03:45","2023-01-31T03:03:45.502+09:00","808","1466","20.1","0","0.5","1017.8","","31.4","28","","","","17.6","","19.3"
"Subscriber","440103227943283","2023-01-31 02:48:40","2023-01-31T02:48:40.944+09:00","816","0","19.1","0","0","1017.9","","31.3","28","","","","17.6","","19.3"
"Subscriber","440103227943283","2023-01-31 02:33:36","2023-01-31T02:33:36.456+09:00","824","0","19.3","0","0.5","1017.7","","31.4","28","","","","17.5","","19.2"
"Subscriber","440103227943283","2023-01-31 02:32:53","2023-01-31T02:32:53.104+09:00","839","0","19.1","0","0","1017.8","","31.4","28","","","","17.5","","19.2"
"Subscriber","440103227943283","2023-01-31 02:17:48","2023-01-31T02:17:48.220+09:00","860","0","18.1","0","0","1017.9","","31.7","28","","","","17.4","","19.1"
"Subscriber","440103227943283","2023-01-31 02:02:43","2023-01-31T02:02:43.676+09:00","863","0","19.6","0","0","1017.7","","32","28","","","","17.3","","19"
"Subscriber","440103227943283","2023-01-31 01:47:39","2023-01-31T01:47:39.095+09:00","886","0","18.6","0","0","1017.7","","32.1","29","","","","17.3","","19"
"Subscriber","440103227943283","2023-01-31 01:32:34","2023-01-31T01:32:34.623+09:00","903","0","18.1","0","0","1017.7","","32.2","29","","","","17.4","","19.1"
"Subscriber","440103227943283","2023-01-31 01:17:30","2023-01-31T01:17:30.068+09:00","915","0","19.8","0","0.5","1017.9","","32.1","29","","","","17.4","","19.2"
"Subscriber","440103227943283","2023-01-31 01:02:25","2023-01-31T01:02:25.583+09:00","919","977","20.3","0.1","0","1017.9","","31.9","28","","","","17.5","","19.2"
"Subscriber","440103227943283","2023-01-31 00:47:20","2023-01-31T00:47:20.868+09:00","910","488","19.8","0.1","0","1017.7","","31.8","28","","","","17.6","","19.4"
"Subscriber","440103227943283","2023-01-31 00:32:16","2023-01-31T00:32:16.226+09:00","908","0","18.3","0","0","1017.8","","31.7","28","","","","17.8","","19.5"
"Subscriber","440103227943283","2023-01-31 00:17:11","2023-01-31T00:17:11.593+09:00","904","0","19.1","0","0","1018.1","","31.4","28","","","","18","","19.8"
"Subscriber","440103227943283","2023-01-31 00:02:07","2023-01-31T00:02:07.023+09:00","901","0","19.8","0","0","1018.2","","31.1","27","","","","18.2","","20"
"Subscriber","440103227943283","2023-01-30 23:47:02","2023-01-30T23:47:02.469+09:00","898","1466","21.3","0","0.5","1018.1","","30.8","27","","","","18.4","","20.3"
"Subscriber","440103227943283","2023-01-30 23:31:57","2023-01-30T23:31:57.990+09:00","894","0","20.1","0","0","1017.9","","30.3","27","","","","18.6","","20.5"
"Subscriber","440103227943283","2023-01-30 23:16:53","2023-01-30T23:16:53.522+09:00","843","0","21","0","0","1017.8","","29.5","26","","","","18.6","","20.7"
"Subscriber","440103227943283","2023-01-30 23:01:49","2023-01-30T23:01:49.023+09:00","886","0","20.5","0","0","1017.9","","29.2","26","","","","18.9","","21.1"
"Subscriber","440103227943283","2023-01-30 22:46:44","2023-01-30T22:46:44.470+09:00","974","0","22","0","0","1018.2","","29.1","26","","","","19.5","","21.6"
"Subscriber","440103227943283","2023-01-30 22:31:39","2023-01-30T22:31:39.597+09:00","978","0","21.5","0","0","1018.2","","29.5","26","","","","19.5","","21.8"
"Subscriber","440103227943283","2023-01-30 22:16:35","2023-01-30T22:16:35.038+09:00","784","488","23","0","0.5","1018.2","","27.4","24","","","","19.5","","22.3"
"Subscriber","440103227943283","2023-01-30 22:01:30","2023-01-30T22:01:30.386+09:00","737","0","25.4","0","1.5","1018.3","","26.1","23","","","","20.5","","23.2"
"Subscriber","440103227943283","2023-01-30 21:46:25","2023-01-30T21:46:25.752+09:00","611","0","25.4","0.1","0","1018.3","","25","21","","","","19.9","","23.3"
"Subscriber","440103227943283","2023-01-30 21:31:21","2023-01-30T21:31:21.109+09:00","956","0","24.7","0","0","1018.3","","27.3","25","","","","21.5","","24.1"
"Subscriber","440103227943283","2023-01-30 21:16:16","2023-01-30T21:16:16.549+09:00","893","0","24.2","0","0","1018.3","","27.4","24","","","","21.2","","23.8"
"Subscriber","440103227943283","2023-01-30 21:01:11","2023-01-30T21:01:11.985+09:00","869","488","25.4","0","0","1018.2","","26.9","24","","","","21","","23.7"
"Subscriber","440103227943283","2023-01-30 20:46:07","2023-01-30T20:46:07.416+09:00","816","0","24","0","0","1018.1","","25.8","24","","","","21.1","","23.5"
"Subscriber","440103227943283","2023-01-30 20:31:02","2023-01-30T20:31:02.881+09:00","808","0","23.7","0","1.5","1017.9","","31.2","25","","","","20.9","","22.8"
"Subscriber","440103227943283","2023-01-30 20:15:58","2023-01-30T20:15:58.313+09:00","780","0","22.7","0","0","1017.7","","26.3","24","","","","20.3","","22.5"
"Subscriber","440103227943283","2023-01-30 20:00:53","2023-01-30T20:00:53.824+09:00","820","0","22.3","0","0","1017.5","","27.3","25","","","","20","","22"
"Subscriber","440103227943283","2023-01-30 19:45:49","2023-01-30T19:45:49.347+09:00","824","0","21.3","0","0","1017.3","","27.9","25","","","","19","","21.2"
"Subscriber","440103227943283","2023-01-30 19:30:44","2023-01-30T19:30:44.702+09:00","942","0","22.3","0","0","1017.2","","30.2","25","","","","18.4","","21.1"
"Subscriber","440103227943283","2023-01-30 19:30:01","2023-01-30T19:30:01.580+09:00","948","1466","22","0","0.5","1017.2","","30","25","","","","18.4","","21.1"
"Subscriber","440103227943283","2023-01-30 19:14:56","2023-01-30T19:14:56.967+09:00","1050","0","21.8","0","0.5","1017.1","","30.6","26","","","","18.8","","21.6"
"Subscriber","440103227943283","2023-01-30 18:59:52","2023-01-30T18:59:52.302+09:00","1014","0","21.3","0","0","1017.2","","30.5","25","","","","19.3","","22.1"
"Subscriber","440103227943283","2023-01-30 18:44:47","2023-01-30T18:44:47.444+09:00","1050","0","23.2","0","0","1017.2","","29.3","25","","","","19.6","","22.7"
"Subscriber","440103227943283","2023-01-30 18:29:42","2023-01-30T18:29:42.868+09:00","908","488","24.7","0.2","0","1017","","27.8","24","","","","20.2","","23.4"
"Subscriber","440103227943283","2023-01-30 18:14:38","2023-01-30T18:14:38.227+09:00","879","0","26.2","0.1","0","1016.8","","26.7","23","","","","21.1","","24.3"
"Subscriber","440103227943283","2023-01-30 17:59:33","2023-01-30T17:59:33.676+09:00","915","0","25.2","0","0.5","1016.9","","25.4","24","","","","22.5","","25.5"
"Subscriber","440103227943283","2023-01-30 17:44:29","2023-01-30T17:44:29.102+09:00","922","0","24.9","0","0","1016.8","","26.7","24","","","","22.6","","25.6"
"Subscriber","440103227943283","2023-01-30 17:29:24","2023-01-30T17:29:24.542+09:00","865","0","27.4","0.1","0","1016.7","","26.4","23","","","","22.9","","25.9"
"Subscriber","440103227943283","2023-01-30 17:14:19","2023-01-30T17:14:19.824+09:00","852","0","26.9","0","0.5","1016.8","","25.6","23","","","","23.3","","26.2"
"Subscriber","440103227943283","2023-01-30 16:59:15","2023-01-30T16:59:15.273+09:00","1044","0","26.2","0","0","1016.6","","26.9","24","","","","23.8","","26.6"
"Subscriber","440103227943283","2023-01-30 16:44:10","2023-01-30T16:44:10.720+09:00","1029","1466","27.6","0","1","1016.5","","26.6","23","","","","23.7","","26.4"
"Subscriber","440103227943283","2023-01-30 16:29:06","2023-01-30T16:29:06.147+09:00","1055","0","26.7","0","1.5","1016.3","","26.1","23","","","","23.7","","26.5"
"Subscriber","440103227943283","2023-01-30 16:14:01","2023-01-30T16:14:01.513+09:00","1096","0","26.4","0","0","1016.5","","27.4","24","","","","23.7","","26.4"
"Subscriber","440103227943283","2023-01-30 15:58:56","2023-01-30T15:58:56.949+09:00","1149","0","25.9","0","0","1016","","27.3","24","","","","23.5","","26.2"
"Subscriber","440103227943283","2023-01-30 15:43:52","2023-01-30T15:43:52.393+09:00","1003","488","26.9","0","0","1016.2","","26.4","24","","","","23.1","","26"
"Subscriber","440103227943283","2023-01-30 15:28:47","2023-01-30T15:28:47.831+09:00","1090","1955","26.2","0","0.5","1016.2","","27.9","24","","","","23.2","","26"
"Subscriber","440103227943283","2023-01-30 15:13:43","2023-01-30T15:13:43.107+09:00","1224","0","26.9","0","0","1016.2","","28","24","","","","23.4","","26.1"
"Subscriber","440103227943283","2023-01-30 14:58:38","2023-01-30T14:58:38.472+09:00","1203","0","24.9","0","0","1015.9","","27.8","24","","","","23.4","","26"
"Subscriber","440103227943283","2023-01-30 14:43:33","2023-01-30T14:43:33.919+09:00","1199","488","26.9","0","0.5","1015.9","","28.2","24","","","","23.3","","25.9"
"Subscriber","440103227943283","2023-01-30 14:28:29","2023-01-30T14:28:29.193+09:00","1173","0","27.6","0","0","1016.1","","27.6","24","","","","23.3","","25.8"
"Subscriber","440103227943283","2023-01-30 14:13:02","2023-01-30T14:13:02.052+09:00","1088","0","25.7","0","0","1016.2","","27.5","24","","","","23","","25.8"
"Subscriber","440103227943283","2023-01-30 13:57:56","2023-01-30T13:57:56.452+09:00","1078","0","25.4","0","0","1016.3","","27.7","24","","","","22.9","","25.6"
"Subscriber","440103227943283","2023-01-30 13:42:50","2023-01-30T13:42:50.869+09:00","999","0","25.7","0","0","1016.3","","27.5","24","","","","22.8","","25.6"
"Subscriber","440103227943283","2023-01-30 13:27:45","2023-01-30T13:27:45.347+09:00","981","0","27.4","0","0","1016.2","","27.9","24","","","","22.6","","25.3"
"Subscriber","440103227943283","2023-01-30 13:12:39","2023-01-30T13:12:39.899+09:00","992","0","24.9","0","0","1016.2","","28","24","","","","22.4","","25.1"
"Subscriber","440103227943283","2023-01-30 12:57:34","2023-01-30T12:57:34.469+09:00","963","977","25.7","0","0","1016.2","","27.8","24","","","","22.4","","24.9"
"Subscriber","440103227943283","2023-01-30 12:42:29","2023-01-30T12:42:29.033+09:00","944","0","24.9","0","0","1016.2","","27.2","25","","","","22.6","","24.7"
"Subscriber","440103227943283","2023-01-30 12:27:23","2023-01-30T12:27:23.368+09:00","908","0","24.5","0","0","1016.5","","27.8","25","","","","22.2","","24.3"
"Subscriber","440103227943283","2023-01-30 12:12:17","2023-01-30T12:12:17.753+09:00","1016","0","27.1","0","0","1016.7","","29.9","27","","","","21.1","","23.6"
"Subscriber","440103227943283","2023-01-30 11:57:12","2023-01-30T11:57:12.135+09:00","1008","0","24.2","0","0","1016.8","","29.3","26","","","","20.8","","23.3"
"Subscriber","440103227943283","2023-01-30 11:42:06","2023-01-30T11:42:06.632+09:00","1032","0","24","0","0","1016.9","","29.6","26","","","","20.4","","23.1"
"Subscriber","440103227943283","2023-01-30 11:27:01","2023-01-30T11:27:01.102+09:00","1133","977","24.2","0","1.5","1017.1","","29.8","27","","","","20.4","","23"
"Subscriber","440103227943283","2023-01-30 11:11:55","2023-01-30T11:11:55.512+09:00","948","2932","24","0","0.5","1017.1","","30","27","","","","19.9","","22.6"
"Subscriber","440103227943283","2023-01-30 10:56:50","2023-01-30T10:56:50.060+09:00","949","0","22.7","0","0.5","1017.5","","30.4","28","","","","19.7","","22.1"
"Subscriber","440103227943283","2023-01-30 10:41:44","2023-01-30T10:41:44.647+09:00","827","0","23.2","0","0","1017.4","","30.8","28","","","","18.9","","21.3"
"Subscriber","440103227943283","2023-01-30 10:26:38","2023-01-30T10:26:38.945+09:00","784","0","23.5","0","0","1017.6","","31.7","29","","","","18.9","","20.8"
"Subscriber","440103227943283","2023-01-30 10:11:33","2023-01-30T10:11:33.266+09:00","676","1955","22","0","0","1017.4","","29.8","28","","","","18.9","","20.2"
"Subscriber","440103227943283","2023-01-30 09:56:27","2023-01-30T09:56:27.754+09:00","531","0","20.8","0","0","1017.1","","30","28","","","","17.9","","19.4"
"Subscriber","440103227943283","2023-01-30 09:41:22","2023-01-30T09:41:22.385+09:00","502","0","19.3","0","0","1016.8","","29.9","28","","","","17.3","","18.6"
"Subscriber","440103227943283","2023-01-30 09:26:17","2023-01-30T09:26:17.026+09:00","463","0","20.3","0","0","1016.5","","30.4","28","","","","16.7","","18"
"Subscriber","440103227943283","2023-01-30 09:11:11","2023-01-30T09:11:11.664+09:00","436","1955","18.3","0","0","1016.7","","31.2","29","","","","15.9","","17.2"
"Subscriber","440103227943283","2023-01-30 08:56:06","2023-01-30T08:56:06.313+09:00","427","0","17.6","0","0","1016.5","","31.2","29","","","","15.7","","16.7"
"Subscriber","440103227943283","2023-01-30 08:41:00","2023-01-30T08:41:00.696+09:00","421","0","15.9","0","0.5","1016.4","","32.8","30","","","","14.7","","15.9"
"Subscriber","440103227943283","2023-01-30 08:25:55","2023-01-30T08:25:55.183+09:00","419","0","14.9","0","0","1016.1","","34.2","30","","","","13.9","","15.7"
"Subscriber","440103227943283","2023-01-30 08:10:49","2023-01-30T08:10:49.588+09:00","424","0","15.2","0","1.5","1015.8","","34.4","30","","","","13.9","","15.7"
"Subscriber","440103227943283","2023-01-30 07:55:43","2023-01-30T07:55:43.973+09:00","414","977","16.1","0.1","0","1015.6","","34.5","30","","","","13.9","","15.7"
"Subscriber","440103227943283","2023-01-30 07:40:38","2023-01-30T07:40:38.626+09:00","427","0","15.9","0","0","1015.3","","34.6","30","","","","13.9","","15.7"
"Subscriber","440103227943283","2023-01-30 07:25:33","2023-01-30T07:25:33.100+09:00","431","0","15.2","0","1.5","1015.2","","34.5","30","","","","13.9","","15.7"
"Subscriber","440103227943283","2023-01-30 07:10:27","2023-01-30T07:10:27.662+09:00","409","0","15.4","0","0","1014.9","","34.6","30","","","","14","","15.7"
"Subscriber","440103227943283","2023-01-30 06:55:22","2023-01-30T06:55:22.310+09:00","436","0","15.7","0","0","1014.7","","34.6","31","","","","14","","15.8"
"Subscriber","440103227943283","2023-01-30 06:40:16","2023-01-30T06:40:16.942+09:00","425","0","15.4","0","0","1014.1","","34.7","31","","","","14","","15.8"
"Subscriber","440103227943283","2023-01-30 06:25:11","2023-01-30T06:25:11.416+09:00","431","0","17.1","0","0","1014.3","","34.8","31","","","","14.1","","15.9"
"Subscriber","440103227943283","2023-01-30 06:10:05","2023-01-30T06:10:05.825+09:00","436","488","16.1","0","1.5","1014.2","","34.9","31","","","","14.1","","15.9"
"Subscriber","440103227943283","2023-01-30 05:55:00","2023-01-30T05:55:00.372+09:00","436","0","17.1","0","0","1013.8","","35","31","","","","14.2","","16"
"Subscriber","440103227943283","2023-01-30 05:39:54","2023-01-30T05:39:54.860+09:00","435","0","15.9","0","0.5","1013.7","","35","31","","","","14.2","","16"
"Subscriber","440103227943283","2023-01-30 05:24:49","2023-01-30T05:24:49.506+09:00","437","0","16.1","0","0","1013.6","","35","31","","","","14.2","","16"
"Subscriber","440103227943283","2023-01-30 05:09:44","2023-01-30T05:09:44.148+09:00","428","0","16.4","0","0.5","1013.5","","34.9","31","","","","14.2","","16"
"Subscriber","440103227943283","2023-01-30 04:54:38","2023-01-30T04:54:38.793+09:00","429","0","15.9","0","0","1013.1","","34.9","31","","","","14.3","","16.1"
"Subscriber","440103227943283","2023-01-30 04:39:33","2023-01-30T04:39:33.261+09:00","441","0","15.9","0","0","1013.2","","34.9","31","","","","14.3","","16.1"
"Subscriber","440103227943283","2023-01-30 04:24:27","2023-01-30T04:24:27.746+09:00","437","0","17.9","0","0","1013","","34.9","31","","","","14.3","","16.1"
"Subscriber","440103227943283","2023-01-30 04:09:22","2023-01-30T04:09:22.220+09:00","445","0","15.2","0","0","1013","","34.8","31","","","","14.4","","16.1"
"Subscriber","440103227943283","2023-01-30 03:54:16","2023-01-30T03:54:16.865+09:00","444","0","16.4","0","0","1013","","34.8","31","","","","14.4","","16.2"
"Subscriber","440103227943283","2023-01-30 03:39:11","2023-01-30T03:39:11.338+09:00","444","0","16.9","0","0","1013.2","","34.8","31","","","","14.4","","16.2"
"Subscriber","440103227943283","2023-01-30 03:24:05","2023-01-30T03:24:05.989+09:00","440","0","15.7","0","0","1013.3","","34.7","31","","","","14.5","","16.3"
"Subscriber","440103227943283","2023-01-30 03:09:00","2023-01-30T03:09:00.621+09:00","454","0","16.1","0","0","1013.5","","34.6","31","","","","14.5","","16.3"
"Subscriber","440103227943283","2023-01-30 02:53:55","2023-01-30T02:53:55.264+09:00","447","0","17.6","0.1","0","1013.5","","34.6","31","","","","14.6","","16.4"
"Subscriber","440103227943283","2023-01-30 02:38:49","2023-01-30T02:38:49.741+09:00","446","0","16.1","0","0","1013.5","","34.5","30","","","","14.6","","16.4"
"Subscriber","440103227943283","2023-01-30 02:23:44","2023-01-30T02:23:44.390+09:00","454","0","16.6","0","0","1013.6","","34.5","30","","","","14.6","","16.5"
"Subscriber","440103227943283","2023-01-30 02:08:39","2023-01-30T02:08:39.024+09:00","456","0","17.4","0","0","1013.7","","34.4","30","","","","14.7","","16.5"
"Subscriber","440103227943283","2023-01-30 01:53:33","2023-01-30T01:53:33.501+09:00","451","0","17.6","0","0","1013.7","","34.3","30","","","","14.8","","16.6"
"Subscriber","440103227943283","2023-01-30 01:38:27","2023-01-30T01:38:27.911+09:00","458","0","17.1","0.2","0.5","1013.7","","34.3","30","","","","14.8","","16.6"
"Subscriber","440103227943283","2023-01-30 01:23:22","2023-01-30T01:23:22.382+09:00","455","0","15.9","0","0","1013.8","","34.1","30","","","","14.9","","16.7"
"Subscriber","440103227943283","2023-01-30 01:08:16","2023-01-30T01:08:16.850+09:00","459","0","16.1","0","0","1013.8","","34.1","30","","","","14.9","","16.7"
"Subscriber","440103227943283","2023-01-30 00:53:11","2023-01-30T00:53:11.335+09:00","452","0","17.1","0","0","1013.7","","34","30","","","","15","","16.8"
"Subscriber","440103227943283","2023-01-30 00:38:05","2023-01-30T00:38:05.756+09:00","462","0","15.9","0","0","1013.9","","34","30","","","","15.1","","16.9"
"Subscriber","440103227943283","2023-01-30 00:23:00","2023-01-30T00:23:00.386+09:00","450","0","15.9","0","0","1013.8","","33.9","30","","","","15.1","","16.9"
"Subscriber","440103227943283","2023-01-30 00:07:54","2023-01-30T00:07:54.778+09:00","464","0","17.9","0","0","1013.9","","33.8","30","","","","15.1","","16.9"
"Subscriber","440103227943283","2023-01-29 23:52:49","2023-01-29T23:52:49.024+09:00","470","0","16.4","0","0","1014","","33.8","30","","","","15.2","","17"
"Subscriber","440103227943283","2023-01-29 23:37:43","2023-01-29T23:37:43.458+09:00","466","0","18.1","0","0","1013.9","","33.7","30","","","","15.2","","17"
"Subscriber","440103227943283","2023-01-29 23:22:38","2023-01-29T23:22:38.065+09:00","466","0","18.1","0","0","1014","","33.6","30","","","","15.3","","17.1"
"Subscriber","440103227943283","2023-01-29 23:07:32","2023-01-29T23:07:32.542+09:00","461","0","18.1","0","0","1014.1","","33.6","29","","","","15.4","","17.2"
"Subscriber","440103227943283","2023-01-29 22:52:26","2023-01-29T22:52:26.937+09:00","471","0","16.6","0","0","1014.2","","33.5","29","","","","15.4","","17.3"
"Subscriber","440103227943283","2023-01-29 22:37:21","2023-01-29T22:37:21.584+09:00","467","0","17.6","0","0.5","1014.2","","33.4","29","","","","15.5","","17.3"
"Subscriber","440103227943283","2023-01-29 22:22:16","2023-01-29T22:22:16.227+09:00","465","0","18.6","0","0","1014.2","","33.4","29","","","","15.6","","17.4"
"Subscriber","440103227943283","2023-01-29 22:07:10","2023-01-29T22:07:10.644+09:00","484","0","18.6","0","0","1014.4","","33.3","29","","","","15.6","","17.5"
"Subscriber","440103227943283","2023-01-29 21:52:05","2023-01-29T21:52:05.184+09:00","464","0","19.1","0","0","1014.4","","33.2","29","","","","15.7","","17.6"
"Subscriber","440103227943283","2023-01-29 21:36:59","2023-01-29T21:36:59.731+09:00","477","0","16.9","0","0","1014.3","","33.1","29","","","","15.8","","17.7"
"Subscriber","440103227943283","2023-01-29 21:21:54","2023-01-29T21:21:54.389+09:00","475","0","18.8","0","0","1014.4","","33","29","","","","15.9","","17.8"
"Subscriber","440103227943283","2023-01-29 21:06:48","2023-01-29T21:06:48.879+09:00","481","0","18.3","0","0","1014.3","","32.9","29","","","","16","","17.9"
"Subscriber","440103227943283","2023-01-29 20:51:43","2023-01-29T20:51:43.511+09:00","482","0","17.9","0","0","1014.3","","32.8","29","","","","16.1","","18"
"Subscriber","440103227943283","2023-01-29 20:36:38","2023-01-29T20:36:38.072+09:00","497","0","18.8","0","0","1014.4","","32.7","29","","","","16.2","","18.1"
"Subscriber","440103227943283","2023-01-29 20:21:32","2023-01-29T20:21:32.714+09:00","483","0","18.1","0","0","1014.6","","32.6","29","","","","16.3","","18.3"
"Subscriber","440103227943283","2023-01-29 20:06:27","2023-01-29T20:06:27.192+09:00","497","0","19.3","0","0.5","1014.8","","32.5","28","","","","16.5","","18.4"
"Subscriber","440103227943283","2023-01-29 19:51:21","2023-01-29T19:51:21.596+09:00","495","0","20.1","0","0","1014.8","","32.4","28","","","","16.6","","18.6"
"Subscriber","440103227943283","2023-01-29 19:36:15","2023-01-29T19:36:15.975+09:00","497","488","20.1","0.1","0","1014.8","","32.3","28","","","","16.7","","18.8"
"Subscriber","440103227943283","2023-01-29 19:21:10","2023-01-29T19:21:10.450+09:00","503","0","19.1","0","0","1014.9","","32.1","28","","","","16.9","","19"
"Subscriber","440103227943283","2023-01-29 19:06:04","2023-01-29T19:06:04.948+09:00","504","0","18.8","0","0","1015","","31.9","28","","","","17","","19.2"
"Subscriber","440103227943283","2023-01-29 18:50:59","2023-01-29T18:50:59.421+09:00","504","0","18.8","0","0","1015","","31.6","27","","","","17.3","","19.5"
"Subscriber","440103227943283","2023-01-29 18:35:54","2023-01-29T18:35:54.066+09:00","508","1466","21.3","0.1","0","1015","","31.4","27","","","","17.5","","19.9"
"Subscriber","440103227943283","2023-01-29 18:20:48","2023-01-29T18:20:48.712+09:00","499","0","20.3","0","0","1015","","31","27","","","","17.9","","20.4"
"Subscriber","440103227943283","2023-01-29 18:05:43","2023-01-29T18:05:43.185+09:00","477","0","21.8","0","0","1015","","29.9","25","","","","18.4","","21.1"
"Subscriber","440103227943283","2023-01-29 17:50:37","2023-01-29T17:50:37.582+09:00","477","1466","23.7","0","1.5","1015.1","","28.1","25","","","","19.6","","21.8"
"Subscriber","440103227943283","2023-01-29 17:35:32","2023-01-29T17:35:32.142+09:00","468","0","22.5","0","0","1015.1","","28.5","25","","","","19.1","","21.7"
"Subscriber","440103227943283","2023-01-29 17:20:26","2023-01-29T17:20:26.546+09:00","471","0","24.7","0","0","1015.3","","28.7","25","","","","19.1","","21.7"
"Subscriber","440103227943283","2023-01-29 17:05:20","2023-01-29T17:05:20.910+09:00","467","0","23.2","0","1.5","1015.3","","28.6","25","","","","19.3","","21.8"
"Subscriber","440103227943283","2023-01-29 16:50:15","2023-01-29T16:50:15.173+09:00","487","0","23.5","0","0","1015.3","","28.1","25","","","","19.5","","21.9"
"Subscriber","440103227943283","2023-01-29 16:35:09","2023-01-29T16:35:09.741+09:00","479","0","22.7","0","0","1015.2","","28.1","25","","","","19.6","","21.8"
"Subscriber","440103227943283","2023-01-29 16:20:04","2023-01-29T16:20:04.308+09:00","487","1466","24.2","0","0","1015.3","","28.2","25","","","","19.7","","21.8"
"Subscriber","440103227943283","2023-01-29 16:04:58","2023-01-29T16:04:58.724+09:00","500","1466","24","0","0","1015.2","","28.7","25","","","","19.4","","21.8"
"Subscriber","440103227943283","2023-01-29 15:49:53","2023-01-29T15:49:53.105+09:00","500","0","23","0","0","1015.2","","28.2","25","","","","19.6","","21.9"
"Subscriber","440103227943283","2023-01-29 15:34:47","2023-01-29T15:34:47.507+09:00","521","977","24.2","0","0","1015.2","","28.2","25","","","","20","","22"
"Subscriber","440103227943283","2023-01-29 15:19:41","2023-01-29T15:19:41.831+09:00","534","0","24.5","0","0","1015","","27.4","25","","","","20.3","","22.3"
"Subscriber","440103227943283","2023-01-29 15:04:36","2023-01-29T15:04:36.233+09:00","619","0","22.7","0","0","1015","","28.8","26","","","","20.7","","22.7"
"Subscriber","440103227943283","2023-01-29 14:49:30","2023-01-29T14:49:30.626+09:00","600","0","24.5","0","0","1015","","28.5","26","","","","20.5","","22.7"
"Subscriber","440103227943283","2023-01-29 14:34:25","2023-01-29T14:34:25.026+09:00","605","488","23.5","0","0","1014.8","","28.4","29","","","","20.6","","22.7"
"Subscriber","440103227943283","2023-01-29 14:19:19","2023-01-29T14:19:19.586+09:00","633","0","21.8","0","0","1014.9","","29.1","29","","","","20.7","","22.5"
"Subscriber","440103227943283","2023-01-29 14:09:44","2023-01-29T14:09:44.640+09:00","849","0","22.5","0","0","1015","","28.5","29","","","","21.2","","22.4"
"Subscriber","440103227943283","2023-01-29 14:08:36","2023-01-29T14:08:36.868+09:00","817","977","21.5","0.1","0","1014.8","","28.7","","","","","21.1","",""
"Subscriber","440103227943283","2023-01-29 14:05:38","2023-01-29T14:05:38.869+09:00","636","488","22.3","0","0","1014.8","","27.8","26","","","","20.9","","22.2"
"Subscriber","440103227943283","2023-01-29 14:04:06","2023-01-29T14:04:06.492+09:00","690","0","22.7","0","0","1014.8","","27.7","","","","","21.1","",""
"Subscriber","440103227943283","2023-01-29 14:01:54","2023-01-29T14:01:54.633+09:00","681","0","23.2","0","0","1014.7","","27.9","","","","","21","",""
"Subscriber","440103227943283","2023-01-28 17:57:00","2023-01-28T17:57:00.778+09:00","","","","","","","1021.6","","","70","14","19","","6",""
"Subscriber","440103227943283","2023-01-28 17:26:46","2023-01-28T17:26:46.252+09:00","","","","","","","1021.3","","","69","71","21","","8",""
"Subscriber","440103227943283","2023-01-28 16:56:31","2023-01-28T16:56:31.669+09:00","","","","","","","1020.6","","","64","71","24","","10",""
"Subscriber","440103227943283","2023-01-28 16:26:17","2023-01-28T16:26:17.107+09:00","","","","","","","1020.4","","","52","72","23","","13",""
"Subscriber","440103227943283","2023-01-28 15:56:02","2023-01-28T15:56:02.542+09:00","","","","","","","1020.3","","","38","72","23","","17",""
"Subscriber","440103227943283","2023-01-28 15:25:47","2023-01-28T15:25:47.989+09:00","","","","","","","1020","","","21","72","28","","31",""
"Subscriber","440103227943283","2023-01-28 14:55:33","2023-01-28T14:55:33.511+09:00","","","","","","","1020.5","","","25","73","26","","28",""
"Subscriber","440103227943283","2023-01-28 14:25:18","2023-01-28T14:25:18.945+09:00","","","","","","","1020.4","","","38","73","23","","19",""
"Subscriber","440103227943283","2023-01-28 13:55:04","2023-01-28T13:55:04.401+09:00","","","","","","","1019.9","","","49","72","20","","14",""
"Subscriber","440103227943283","2023-01-28 13:24:49","2023-01-28T13:24:49.732+09:00","","","","","","","1020.1","","","52","72","22","","14",""
"Subscriber","440103227943283","2023-01-28 12:54:35","2023-01-28T12:54:35.184+09:00","","","","","","","1020.3","","","63","72","17","","9",""
"Subscriber","440103227943283","2023-01-28 12:24:20","2023-01-28T12:24:20.690+09:00","","","","","","","1020.5","","","57","71","13","","13",""
"Subscriber","440103227943283","2023-01-28 11:54:05","2023-01-28T11:54:05.980+09:00","","","","","","","1020.7","","","53","72","16","","14",""
"Subscriber","440103227943283","2023-01-28 11:23:51","2023-01-28T11:23:51.427+09:00","","","","","","","1020.9","","","56","72","14","","12",""
"Subscriber","440103227943283","2023-01-28 10:53:36","2023-01-28T10:53:36.788+09:00","","","","","","","1021","","","51","72","13","","14",""
"Subscriber","440103227943283","2023-01-28 10:23:22","2023-01-28T10:23:22.228+09:00","","","","","","","1020.8","","","51","71","12","","14",""
"Subscriber","440103227943283","2023-01-28 10:11:11","2023-01-28T10:11:11.430+09:00","","","","","","","1020.9","","","59","72","39","","11",""
"Subscriber","440103227943283","2023-01-28 09:40:55","2023-01-28T09:40:55.978+09:00","","","","","","","1020.8","","","75","71","34","","6",""
"Subscriber","440103227943283","2023-01-28 09:10:40","2023-01-28T09:10:40.400+09:00","","","","","","","1020.7","","","81","71","30","","4",""
"Subscriber","440103227943283","2023-01-28 08:40:24","2023-01-28T08:40:24.950+09:00","","","","","","","1020.2","","","82","71","33","","3",""
"Subscriber","440103227943283","2023-01-28 08:10:09","2023-01-28T08:10:09.507+09:00","","","","","","","1019.8","","","84","71","28","","2",""
"Subscriber","440103227943283","2023-01-28 07:39:53","2023-01-28T07:39:53.906+09:00","","","","","","","1019.5","","","83","41","31","","2",""
"Subscriber","440103227943283","2023-01-28 07:09:38","2023-01-28T07:09:38.303+09:00","","","","","","","1019.3","","","83","4","30","","2",""
"Subscriber","440103227943283","2023-01-28 06:39:22","2023-01-28T06:39:22.721+09:00","","","","","","","1019","","","84","0","28","","2",""
"Subscriber","440103227943283","2023-01-28 06:09:07","2023-01-28T06:09:07.131+09:00","","","","","","","1018.7","","","82","0","32","","2",""
"Subscriber","440103227943283","2023-01-28 05:38:51","2023-01-28T05:38:51.343+09:00","","","","","","","1018.5","","","83","0","44","","3",""
"Subscriber","440103227943283","2023-01-28 05:08:35","2023-01-28T05:08:35.747+09:00","","","","","","","1018.3","","","82","0","38","","3",""
"Subscriber","440103227943283","2023-01-28 04:38:20","2023-01-28T04:38:20.141+09:00","","","","","","","1018.3","","","81","0","31","","2",""
"Subscriber","440103227943283","2023-01-28 04:08:04","2023-01-28T04:08:04.545+09:00","","","","","","","1018.4","","","79","0","32","","3",""
"Subscriber","440103227943283","2023-01-28 03:37:48","2023-01-28T03:37:48.939+09:00","","","","","","","1018.2","","","79","0","34","","3",""
"Subscriber","440103227943283","2023-01-28 03:07:33","2023-01-28T03:07:33.341+09:00","","","","","","","1018.3","","","78","0","31","","3",""
"Subscriber","440103227943283","2023-01-28 02:37:17","2023-01-28T02:37:17.743+09:00","","","","","","","1018.2","","","75","0","33","","2",""
"Subscriber","440103227943283","2023-01-28 02:07:02","2023-01-28T02:07:02.152+09:00","","","","","","","1018.3","","","72","0","27","","3",""
"Subscriber","440103227943283","2023-01-28 01:36:46","2023-01-28T01:36:46.543+09:00","","","","","","","1018","","","73","0","34","","3",""
"Subscriber","440103227943283","2023-01-28 01:06:30","2023-01-28T01:06:30.967+09:00","","","","","","","1017.9","","","71","0","35","","3",""
"Subscriber","440103227943283","2023-01-28 00:36:15","2023-01-28T00:36:15.344+09:00","","","","","","","1018.1","","","69","0","33","","3",""
"Subscriber","440103227943283","2023-01-28 00:05:59","2023-01-28T00:05:59.747+09:00","","","","","","","1018","","","69","0","31","","3",""
"Subscriber","440103227943283","2023-01-27 23:35:44","2023-01-27T23:35:44.156+09:00","","","","","","","1017.9","","","69","0","30","","3",""